{"cameraMode":{"drawMode":0,"name":"Shaded","section":"Shading Mode"},"sceneLighting":false,"audioPlay":false,"sceneViewState":{"showFog":true,"showMaterialUpdate":false,"showSkybox":false,"showFlares":true,"showImageEffects":true,"showParticleSystems":true},"in2DMode":false,"pivot":{"x":405.13934326171877,"y":232.71649169921876,"z":2.0497450828552248},"rotation":{"x":-0.03716527670621872,"y":-0.029073011130094529,"z":-0.001081288093701005,"w":0.9988813996315002},"size":1.1131224632263184,"orthographic":false}