{"cameraMode":{"drawMode":0,"name":"Shaded","section":"Shading Mode"},"sceneLighting":true,"audioPlay":false,"sceneViewState":{"showFog":true,"showMaterialUpdate":false,"showSkybox":true,"showFlares":true,"showImageEffects":true,"showParticleSystems":true},"in2DMode":false,"pivot":{"x":-0.7846943736076355,"y":0.8730447292327881,"z":-10.328351020812989},"rotation":{"x":0.0940496101975441,"y":0.006567904260009527,"z":0.0006192766013555229,"w":-0.9955450892448425},"size":0.000017320508050033823,"orthographic":false}