{"cameraMode":{"drawMode":0,"name":"Shaded","section":"Shading Mode"},"sceneLighting":false,"audioPlay":false,"sceneViewState":{"showFog":true,"showMaterialUpdate":false,"showSkybox":false,"showFlares":true,"showImageEffects":true,"showParticleSystems":true},"in2DMode":false,"pivot":{"x":0.0,"y":0.1114862859249115,"z":0.0034298300743103029},"rotation":{"x":-0.09370007365942002,"y":-0.8397399187088013,"z":0.512320876121521,"w":-0.15358203649520875},"size":0.26098746061325076,"orthographic":false}