{"cameraMode":{"drawMode":0,"name":"Shaded","section":"Shading Mode"},"sceneLighting":true,"audioPlay":false,"sceneViewState":{"m_AlwaysRefresh":false,"showFog":true,"showSkybox":true,"showFlares":true,"showImageEffects":true,"showParticleSystems":true,"showVisualEffectGraphs":true,"m_FxEnabled":true},"in2DMode":false,"pivot":{"x":-8.395787239074707,"y":-0.5575432777404785,"z":10.281935691833496},"rotation":{"x":0.11916440725326538,"y":0.1182575672864914,"z":-0.014297950081527233,"w":0.9856934547424316},"size":12.12435531616211,"orthographic":false}